symbol,trade_id,alert_date,level,level_type,dist_pct,alert_price,alert_vol,strike,expiry_date,days_to_expiry,straddle_cost,exit_date,exit_sv,exit_pnl,exit_pnl_pct,exit_reason,days_held,scale_factor,scaled_cost,scaled_exit,scaled_pnl
PETR4.SA,1,2023-03-02,24.42,support,0.893,24.64,0.0226,24.64,2023-04-21,50,0.29,2023-03-03,1.32,1.04,361.33,20% target,1,3448.2758620689656,1000,4551.724137931034,3551.7241379310344
PETR4.SA,2,2023-03-13,24.42,resistance,0.951,24.19,0.0225,24.19,2023-04-21,39,0.23,2023-03-15,0.65,0.43,188.06,20% target,2,4347.826086956522,1000,2826.0869565217395,1826.0869565217395
PETR4.SA,3,2023-04-03,24.42,support,0.286,24.49,0.0203,24.49,2023-05-19,46,0.26,2023-04-11,1.37,1.11,431.05,20% target,8,3846.153846153846,1000,5269.2307692307695,4269.2307692307695
PETR4.SA,4,2023-04-18,27.33,support,0.219,27.39,0.0184,27.39,2023-05-19,31,0.2,2023-04-19,0.7,0.5,250.65,20% target,1,5000,1000,3500,2500
PETR4.SA,5,2023-04-24,27.33,resistance,0.478,27.2,0.0192,27.2,2023-05-19,25,0.17,2023-04-26,0.31,0.15,87.41,20% target,2,5882.35294117647,1000,1823.5294117647059,823.5294117647059
PETR4.SA,6,2023-05-02,22.48,support,1.143,22.74,0.032,22.74,2023-06-16,45,0.28,2023-05-04,0.5,0.22,79.71,20% target,2,3571.428571428571,1000,1785.7142857142856,785.7142857142856
PETR4.SA,7,2023-05-08,24.42,support,0.367,24.51,0.0321,24.51,2023-06-16,39,0.27,2023-05-11,1.11,0.84,314.44,20% target,3,3703.7037037037035,1000,4111.111111111111,3111.1111111111113
PETR4.SA,8,2023-05-26,27.045,resistance,0.914,26.8,0.0313,26.8,2023-06-16,21,0.19,2023-05-30,0.31,0.12,64.01,20% target,4,5263.157894736842,1000,1631.5789473684208,631.5789473684208
PETR4.SA,9,2023-06-05,27.61,resistance,0.51,27.47,0.0177,27.47,2023-07-21,46,0.28,2023-06-06,0.85,0.57,199.72,20% target,1,3571.428571428571,1000,3035.7142857142853,2035.7142857142853
PETR4.SA,10,2023-08-15,31.22,resistance,1.167,30.86,0.0201,30.86,2023-09-15,31,0.23,2023-08-16,0.88,0.65,282.11,20% target,1,4347.826086956522,1000,3826.0869565217395,2826.0869565217395
PETR4.SA,11,2023-08-23,32,support,0.744,32.24,0.0231,32.24,2023-09-15,23,0.2,2023-08-29,0.28,0.08,38.89,20% target,6,5000,1000,1400.0000000000002,400.0000000000002
PETR4.SA,12,2023-12-06,33.91,resistance,1.224,33.5,0.0191,33.5,2024-01-19,44,0.34,2023-12-08,1.3,0.96,285.98,20% target,2,2941.176470588235,1000,3823.529411764706,2823.529411764706
PETR4.SA,13,2023-12-22,37.22,resistance,1.306,36.74,0.0157,36.74,2024-01-19,28,0.24,2023-12-26,0.78,0.55,231.62,20% target,4,4166.666666666667,1000,3250.0000000000005,2250.0000000000005
PETR4.SA,14,2024-01-03,38.86,support,0.257,38.96,0.0162,38.96,2024-02-16,44,0.38,2024-01-09,0.54,0.16,40.68,20% target,6,2631.578947368421,1000,1421.0526315789473,421.0526315789473
PETR4.SA,15,2024-01-10,37.22,support,1.404,37.75,0.0113,37.75,2024-02-16,37,0.31,2024-01-11,0.62,0.31,101.49,20% target,1,3225.8064516129034,1000,2000,1000
PETR4.SA,16,2024-01-15,39.105,resistance,1.361,38.58,0.0106,38.58,2024-02-16,32,0.27,2024-01-17,0.45,0.18,65.16,20% target,2,3703.7037037037035,1000,1666.6666666666665,666.6666666666665
PETR4.SA,17,2024-01-18,37.22,support,1.352,37.73,0.0108,37.73,2024-02-16,29,0.24,2024-01-23,0.64,0.4,165.17,20% target,5,4166.666666666667,1000,2666.666666666667,1666.666666666667
PETR4.SA,18,2024-01-25,39.105,support,0.446,39.28,0.0132,39.28,2024-02-16,22,0.2,2024-01-26,0.86,0.66,337.71,20% target,1,5000,1000,4300,3300
PETR4.SA,19,2024-03-08,37.225,resistance,1.431,36.7,0.0268,36.7,2024-04-19,42,0.39,2024-03-11,0.74,0.35,89.58,20% target,3,2564.102564102564,1000,1897.4358974358972,897.4358974358972
PETR4.SA,20,2024-03-20,37.225,resistance,1.431,36.7,0.0276,36.7,2024-04-19,30,0.31,2024-03-21,0.77,0.46,150.84,20% target,1,3225.8064516129034,1000,2483.8709677419356,1483.8709677419356
PETR4.SA,21,2024-03-28,37.225,support,0.361,37.36,0.0268,37.36,2024-04-19,22,0.25,2024-04-01,0.67,0.43,173.67,20% target,4,4000,1000,2680,1680
PETR4.SA,22,2024-04-02,39.105,resistance,1.256,38.62,0.0277,38.62,2024-05-17,45,0.44,2024-04-10,1.28,0.84,191.67,20% target,8,2272.7272727272725,1000,2909.090909090909,1909.090909090909
PETR4.SA,23,2024-04-08,39.105,resistance,1.23,38.63,0.0163,38.63,2024-05-17,39,0.34,2024-04-09,0.42,0.08,24.63,20% target,1,2941.176470588235,1000,1235.2941176470588,235.29411764705878
PETR4.SA,24,2024-05-03,39.35,support,1.354,39.89,0.0174,39.89,2024-06-21,49,0.44,2024-05-06,0.67,0.23,53.88,20% target,3,2272.7272727272725,1000,1522.7272727272727,522.7272727272727
PETR4.SA,25,2024-05-16,37.225,support,0.148,37.28,0.0233,37.28,2024-06-21,36,0.33,2024-05-24,0.45,0.11,34.18,20% target,8,3030.30303030303,1000,1363.6363636363635,363.6363636363635
PETR4.SA,26,2024-05-31,39.35,resistance,1.444,38.79,0.0232,38.79,2024-06-21,21,0.23,2024-06-04,0.31,0.08,34.43,20% target,4,4347.826086956522,1000,1347.8260869565217,347.82608695652175
PETR4.SA,27,2024-06-07,37.23,resistance,0.785,36.94,0.0204,36.94,2024-07-19,42,0.36,2024-06-10,0.87,0.51,142.82,20% target,3,2777.777777777778,1000,2416.6666666666665,1416.6666666666665
PETR4.SA,28,2024-06-13,35.1,support,1.015,35.46,0.0191,35.46,2024-07-19,36,0.3,2024-06-14,0.51,0.21,71.42,20% target,1,3333.3333333333335,1000,1700,700
PETR4.SA,29,2024-06-18,36.41,resistance,1.421,35.9,0.0199,35.9,2024-07-19,31,0.27,2024-06-20,0.83,0.56,208.85,20% target,2,3703.7037037037035,1000,3074.074074074074,2074.074074074074
PETR4.SA,30,2024-06-24,37.23,resistance,0.459,37.06,0.02,37.06,2024-07-19,25,0.23,2024-06-27,0.83,0.6,256.79,20% target,3,4347.826086956522,1000,3608.695652173913,2608.695652173913
PETR4.SA,31,2024-07-01,39.14,resistance,1.32,38.63,0.019,38.63,2024-08-16,46,0.4,2024-07-04,0.95,0.54,135.12,20% target,3,2500,1000,2375,1375
PETR4.SA,32,2024-07-04,37.23,support,0.241,37.32,0.0195,37.32,2024-08-16,43,0.37,2024-07-05,0.54,0.18,47.59,20% target,1,2702.702702702703,1000,1459.4594594594596,459.4594594594596
PETR4.SA,33,2024-07-08,38.93,resistance,1.275,38.44,0.018,38.44,2024-08-16,39,0.34,2024-07-17,0.41,0.07,20.51,20% target,9,2941.176470588235,1000,1205.8823529411764,205.88235294117635
PETR4.SA,34,2024-07-15,39.015,resistance,1.338,38.5,0.0121,38.5,2024-08-16,32,0.27,2024-07-17,0.35,0.08,29.72,20% target,2,3703.7037037037035,1000,1296.296296296296,296.2962962962961
PETR4.SA,35,2024-07-29,36.41,support,1.274,36.88,0.0112,36.88,2024-08-16,18,0.15,2024-07-31,0.66,0.51,340.75,20% target,2,6666.666666666667,1000,4400,3400
PETR4.SA,36,2024-08-16,38.93,resistance,1.117,38.5,0.0152,38.5,2024-09-20,35,0.3,2024-08-22,1.14,0.83,275.99,20% target,6,3333.3333333333335,1000,3800,2800
PETR4.SA,37,2024-08-23,36.41,support,1.301,36.89,0.0154,36.89,2024-09-20,28,0.24,2024-08-26,2.88,2.65,1120.42,20% target,3,4166.666666666667,1000,12000,11000
PETR4.SA,38,2024-08-27,38.93,support,0.282,39.04,0.0217,39.04,2024-09-20,24,0.24,2024-08-28,0.76,0.51,208.93,20% target,1,4166.666666666667,1000,3166.666666666667,2166.666666666667
PETR4.SA,39,2024-09-12,36.41,support,1.248,36.87,0.0195,36.87,2024-10-18,36,0.31,2024-09-16,0.6,0.29,92.52,20% target,4,3225.8064516129034,1000,1935.483870967742,935.483870967742
PETR4.SA,40,2024-10-07,38.93,resistance,1.459,38.37,0.0129,38.37,2024-11-15,39,0.33,2024-10-08,0.45,0.12,37.35,20% target,1,3030.30303030303,1000,1363.6363636363635,363.6363636363635
PETR4.SA,41,2024-10-21,36.12,support,0.359,36.25,0.0123,36.25,2024-11-15,25,0.2,2024-10-23,0.41,0.21,101.59,20% target,2,5000,1000,2050,1050
PETR4.SA,42,2024-11-08,36.12,support,0.166,36.18,0.0079,36.18,2024-12-20,42,0.33,2024-11-12,1.05,0.72,216.73,20% target,4,3030.30303030303,1000,3181.8181818181815,2181.8181818181815
PETR4.SA,43,2024-11-22,39.86,resistance,1.116,39.42,0.0123,39.42,2024-12-20,28,0.25,2024-11-28,0.64,0.4,161.3,20% target,6,4000,1000,2560,1560
PETR4.SA,44,2024-11-25,38.85,support,0.842,39.18,0.0126,39.18,2024-12-20,25,0.22,2024-11-28,0.4,0.18,83.16,20% target,3,4545.454545454545,1000,1818.181818181818,818.181818181818
PETR4.SA,45,2024-12-03,39.86,resistance,0.911,39.5,0.0122,39.5,2025-01-17,45,0.39,2024-12-05,0.51,0.12,31.3,20% target,2,2564.102564102564,1000,1307.6923076923076,307.6923076923076
PETR4.SA,46,2024-12-04,38.77,support,1.223,39.25,0.0125,39.25,2025-01-17,44,0.38,2024-12-05,0.76,0.38,100.45,20% target,1,2631.578947368421,1000,1999.9999999999998,999.9999999999998
PETR4.SA,47,2024-12-05,39.86,resistance,0.555,39.64,0.0124,39.64,2025-01-17,43,0.37,2024-12-09,0.74,0.36,97.49,20% target,4,2702.702702702703,1000,2000.0000000000002,1000.0000000000002
PETR4.SA,48,2024-12-06,38.77,support,0.666,39.03,0.0132,39.03,2025-01-17,42,0.36,2024-12-09,1.34,0.98,272.63,20% target,3,2777.777777777778,1000,3722.2222222222226,2722.2222222222226
PETR4.SA,49,2024-12-09,39.86,support,0.45,40.04,0.014,40.04,2025-01-17,39,0.35,2024-12-10,0.48,0.14,39.77,20% target,1,2857.1428571428573,1000,1371.4285714285716,371.42857142857156
PETR4.SA,50,2024-12-12,38.77,resistance,1.122,38.34,0.0192,38.34,2025-01-17,36,0.32,2024-12-18,0.78,0.46,141.79,20% target,6,3125,1000,2437.5,1437.5
PETR4.SA,51,2024-12-26,35.83,resistance,0.168,35.77,0.0179,35.77,2025-01-17,22,0.19,2024-12-30,0.56,0.37,189.3,20% target,4,5263.157894736842,1000,2947.3684210526317,1947.3684210526317
PETR4.SA,52,2025-01-06,35.715,support,1.367,36.21,0.0184,36.21,2025-02-21,46,0.38,2025-01-07,1.13,0.75,199.45,20% target,1,2631.578947368421,1000,2973.6842105263154,1973.6842105263154
PETR4.SA,53,2025-02-18,38.375,resistance,0.039,38.36,0.0111,38.36,2025-03-21,31,0.26,2025-02-19,0.33,0.07,26.89,20% target,1,3846.153846153846,1000,1269.2307692307693,269.2307692307693
PETR4.SA,54,2025-02-28,35.6,support,0.918,35.93,0.0134,35.93,2025-03-21,21,0.17,2025-03-05,0.97,0.79,458.64,20% target,5,5882.35294117647,1000,5705.882352941176,4705.882352941176
PETR4.SA,55,2025-03-14,35.6,resistance,0.282,35.5,0.0175,35.5,2025-04-18,35,0.28,2025-03-17,0.91,0.62,218.64,20% target,3,3571.428571428571,1000,3250,2250
PETR4.SA,56,2025-06-04,29.66,resistance,1.056,29.35,0.0131,29.35,2025-07-18,44,0.28,2025-06-06,0.59,0.31,107.86,20% target,2,3571.428571428571,1000,2107.142857142857,1107.1428571428569
PETR4.SA,57,2025-06-13,32.41,support,0.369,32.53,0.0173,32.53,2025-07-18,35,0.26,2025-06-17,0.63,0.37,142.1,20% target,4,3846.153846153846,1000,2423.0769230769233,1423.0769230769233
PETR4.SA,58,2025-07-02,32.41,resistance,1.123,32.05,0.018,32.05,2025-08-15,44,0.32,2025-07-03,0.41,0.09,29.47,20% target,1,3125,1000,1281.25,281.25
PETR4.SA,59,2025-07-17,31.1,support,1.176,31.47,0.0108,31.47,2025-08-15,29,0.2,2025-07-18,0.29,0.09,43.28,20% target,1,5000,1000,1450,450
PETR4.SA,60,2025-07-23,32.41,resistance,1.313,31.99,0.0102,31.99,2025-08-15,23,0.16,2025-07-29,0.57,0.41,250.5,20% target,6,6250,1000,3562.4999999999995,2562.4999999999995
PETR4.SA,61,2025-07-29,32.59,resistance,0.462,32.44,0.0101,32.44,2025-08-15,17,0.12,2025-07-30,0.44,0.32,259.95,20% target,1,8333.333333333334,1000,3666.666666666667,2666.666666666667
PETR4.SA,62,2025-08-08,30.85,resistance,1.048,30.53,0.0169,30.53,2025-09-19,42,0.29,2025-08-11,0.45,0.16,56.46,20% target,3,3448.2758620689656,1000,1551.7241379310346,551.7241379310346
PETR4.SA,63,2025-08-19,29.66,support,1.265,30.04,0.0167,30.04,2025-09-19,31,0.21,2025-08-20,0.38,0.16,76.11,20% target,1,4761.904761904762,1000,1809.5238095238096,809.5238095238096
PETR4.SA,64,2025-08-22,30.85,resistance,1.247,30.47,0.0161,30.47,2025-09-19,28,0.2,2025-08-25,0.35,0.15,76.14,20% target,3,5000,1000,1750,750
PETR4.SA,65,2025-09-19,30.85,support,0.676,31.06,0.0085,31.06,2025-10-17,28,0.19,2025-09-22,0.48,0.29,152.18,20% target,3,5263.157894736842,1000,2526.3157894736837,1526.3157894736837
PETR4.SA,66,2025-09-24,32.855,resistance,0.72,32.62,0.0101,32.62,2025-10-17,23,0.17,2025-09-26,0.22,0.05,33.18,20% target,2,5882.35294117647,1000,1294.1176470588234,294.1176470588234
PETR4.SA,67,2025-10-02,30.85,support,0.74,31.08,0.0112,31.08,2025-11-21,50,0.34,2025-10-09,0.58,0.24,70.6,20% target,7,2941.176470588235,1000,1705.8823529411764,705.8823529411764
PETR4.SA,68,2025-10-10,29.7,support,0.802,29.94,0.0104,29.94,2025-11-21,42,0.27,2025-10-13,0.54,0.27,98.38,20% target,3,3703.7037037037035,1000,2000,1000
PETR4.SA,69,2025-10-30,29.485,support,1.355,29.89,0.0082,29.89,2025-11-21,22,0.14,2025-11-03,0.51,0.37,253.79,20% target,4,7142.857142857142,1000,3642.8571428571427,2642.8571428571427
PETR4.SA,70,2025-11-03,29.74,support,1.196,30.1,0.0086,30.1,2025-12-19,46,0.3,2025-11-04,0.45,0.14,47.5,20% target,1,3333.3333333333335,1000,1500,500
PETR4.SA,71,2025-11-05,30.85,resistance,0,30.85,0.0097,30.85,2025-12-19,44,0.3,2025-11-06,0.45,0.15,51.71,20% target,1,3333.3333333333335,1000,1500,500
PETR4.SA,72,2025-11-10,32.8,resistance,1.36,32.36,0.0117,32.36,2025-12-19,39,0.28,2025-11-11,1.11,0.83,300.84,20% target,1,3571.428571428571,1000,3964.285714285714,2964.285714285714
PETR4.SA,73,2025-12-04,32.94,resistance,1.292,32.52,0.0134,32.52,2026-01-16,43,0.31,2025-12-05,0.85,0.54,177.29,20% target,1,3225.8064516129034,1000,2741.935483870968,1741.9354838709678
PETR4.SA,74,2025-12-16,30.85,resistance,0.358,30.74,0.0129,30.74,2026-01-16,31,0.21,2025-12-17,0.54,0.33,156.12,20% target,1,4761.904761904762,1000,2571.428571428572,1571.428571428572
PETR4.SA,75,2026-01-06,29.525,support,0.388,29.64,0.0145,29.64,2026-02-20,45,0.29,2026-01-07,0.47,0.18,61.47,20% target,1,3448.2758620689656,1000,1620.6896551724137,620.6896551724137
PETR4.SA,76,2026-01-08,30.6,resistance,1.325,30.2,0.0128,30.2,2026-02-20,43,0.28,2026-01-09,0.38,0.09,32.31,20% target,1,3571.428571428571,1000,1357.142857142857,357.1428571428571
PETR4.SA,77,2026-02-11,38.58,resistance,1.313,38.08,0.0156,38.08,2026-03-20,37,0.32,2026-02-12,0.67,0.36,112.44,20% target,1,3125,1000,2093.75,1093.75
PETR4.SA,78,2026-02-23,38.58,support,0.026,38.59,0.0165,38.59,2026-03-20,25,0.23,2026-02-24,1.18,0.96,421.03,20% target,1,4347.826086956522,1000,5130.434782608696,4130.434782608696
PETR4.SA,79,2026-05-13,44.53,support,0.09,44.57,0.0224,44.57,2026-06-19,37,0.4,2026-05-14,0.78,0.38,95.2,20% target,1,2500,1000,1950,950
PETR4.SA,80,2026-05-20,44.53,support,0.157,44.6,0.0174,44.6,2026-06-19,30,0.31,2026-05-21,0.63,0.32,102.89,20% target,1,3225.8064516129034,1000,2032.2580645161293,1032.2580645161293
VALE3.SA,1,2023-03-10,83.65,support,1.24,84.7,0.0164,84.7,2023-04-21,42,0.8,2023-03-13,1.07,0.28,35,20% target,3,1250,1000,1337.5,337.5
VALE3.SA,2,2023-05-16,66.71,support,1.375,67.64,0.021,67.64,2023-06-16,31,0.51,2023-05-17,2.68,2.17,422.34,20% target,1,1960.7843137254902,1000,5254.901960784314,4254.901960784314
VALE3.SA,3,2023-05-23,66.71,resistance,0.225,66.56,0.0209,66.56,2023-06-16,24,0.41,2023-05-24,1.18,0.76,185.97,20% target,1,2439.0243902439024,1000,2878.048780487805,1878.0487804878048
VALE3.SA,4,2023-06-05,66.71,support,0.994,67.38,0.0197,67.38,2023-07-21,46,0.71,2023-06-06,0.89,0.18,26.01,20% target,1,1408.4507042253522,1000,1253.5211267605634,253.52112676056345
VALE3.SA,5,2023-06-12,66.71,support,0.611,67.12,0.0194,67.12,2023-07-21,39,0.61,2023-06-13,1.27,0.66,108.92,20% target,1,1639.344262295082,1000,2081.967213114754,1081.967213114754
VALE3.SA,6,2023-06-20,66.71,support,1.331,67.61,0.0182,67.61,2023-07-21,31,0.49,2023-06-22,0.62,0.13,25.71,20% target,2,2040.8163265306123,1000,1265.3061224489795,265.3061224489795
VALE3.SA,7,2023-06-30,63.51,support,1.106,64.22,0.0171,64.22,2023-07-21,21,0.33,2023-07-03,2.65,2.32,706.06,20% target,3,3030.30303030303,1000,8030.303030303029,7030.303030303029
VALE3.SA,8,2023-07-03,66.71,resistance,0.725,66.23,0.0158,66.23,2023-08-18,46,0.67,2023-07-10,1.21,0.53,78.74,20% target,7,1492.5373134328358,1000,1805.9701492537313,805.9701492537313
VALE3.SA,9,2023-07-10,63.865,support,0.923,64.46,0.0153,64.46,2023-08-18,39,0.56,2023-07-11,2.65,2.09,373.78,20% target,1,1785.7142857142856,1000,4732.142857142857,3732.142857142857
VALE3.SA,10,2023-07-11,66.71,resistance,0.195,66.58,0.017,66.58,2023-08-18,38,0.57,2023-07-12,1.01,0.44,76.09,20% target,1,1754.3859649122808,1000,1771.9298245614036,771.9298245614036
VALE3.SA,11,2023-07-18,66.71,support,1.053,67.42,0.0165,67.42,2023-08-18,31,0.48,2023-07-21,0.79,0.31,65.43,20% target,3,2083.3333333333335,1000,1645.8333333333335,645.8333333333335
VALE3.SA,12,2023-07-24,70.2,resistance,0.501,69.85,0.0173,69.85,2023-08-18,25,0.42,2023-07-25,2.53,2.11,506.43,20% target,1,2380.952380952381,1000,6023.809523809524,5023.809523809524
VALE3.SA,13,2023-07-28,66.71,support,1.36,67.63,0.0191,67.63,2023-08-18,21,0.36,2023-07-31,1.8,1.43,396.44,20% target,3,2777.777777777778,1000,5000,4000
VALE3.SA,14,2023-08-23,63.865,resistance,1.309,63.04,0.0187,63.04,2023-09-15,23,0.36,2023-08-24,0.54,0.18,51.05,20% target,1,2777.777777777778,1000,1500.0000000000002,500.0000000000002
VALE3.SA,15,2023-09-04,70.2,resistance,1.153,69.4,0.0219,69.4,2023-10-20,46,0.75,2023-09-08,2.05,1.31,175.57,20% target,4,1333.3333333333333,1000,2733.333333333333,1733.333333333333
VALE3.SA,16,2023-09-08,66.71,resistance,0,66.71,0.0224,66.71,2023-10-20,42,0.67,2023-09-11,1.53,0.86,129.34,20% target,3,1492.5373134328358,1000,2283.582089552239,1283.5820895522388
VALE3.SA,17,2023-09-14,70.2,resistance,0.114,70.12,0.0192,70.12,2023-10-20,36,0.59,2023-09-18,0.91,0.32,55.11,20% target,4,1694.9152542372883,1000,1542.3728813559323,542.3728813559323
VALE3.SA,18,2023-09-21,66.71,support,1.17,67.5,0.0203,67.5,2023-10-20,29,0.48,2023-09-22,0.91,0.43,90.66,20% target,1,2083.3333333333335,1000,1895.8333333333335,895.8333333333335
VALE3.SA,19,2023-10-18,65.31,support,0.077,65.36,0.0146,65.36,2023-11-17,30,0.44,2023-10-19,0.53,0.09,20.11,20% target,1,2272.7272727272725,1000,1204.5454545454545,204.5454545454545
VALE3.SA,20,2023-10-19,63.865,support,0.862,64.42,0.0147,64.42,2023-11-17,29,0.42,2023-10-20,1.35,0.92,218.56,20% target,1,2380.952380952381,1000,3214.2857142857147,2214.2857142857147
VALE3.SA,21,2023-10-26,65.31,resistance,0.015,65.3,0.0156,65.3,2023-11-17,22,0.34,2023-10-27,2.57,2.23,658.12,20% target,1,2941.176470588235,1000,7558.823529411764,6558.823529411764
VALE3.SA,22,2023-10-27,66.71,support,1.273,67.57,0.0171,67.57,2023-11-17,21,0.35,2023-10-30,0.88,0.53,152.68,20% target,3,2857.1428571428573,1000,2514.2857142857147,1514.2857142857147
VALE3.SA,23,2023-11-01,70.715,resistance,0.562,70.32,0.0174,70.32,2023-12-15,44,0.69,2023-11-03,1.52,0.83,119.5,20% target,2,1449.2753623188407,1000,2202.898550724638,1202.898550724638
VALE3.SA,24,2023-11-14,72.66,support,1.291,73.61,0.0185,73.61,2023-12-15,31,0.54,2023-11-16,0.96,0.42,78.19,20% target,2,1851.8518518518517,1000,1777.7777777777776,777.7777777777776
VALE3.SA,25,2023-11-24,72.66,support,1.478,73.75,0.0176,73.75,2023-12-15,21,0.38,2023-12-01,2.26,1.88,491.39,20% target,7,2631.578947368421,1000,5947.368421052631,4947.368421052631
VALE3.SA,26,2023-12-27,78.55,resistance,1.486,77.4,0.011,77.4,2024-01-19,23,0.39,2024-01-04,1.05,0.66,166.96,20% target,8,2564.102564102564,1000,2692.3076923076924,1692.3076923076924
VALE3.SA,27,2024-01-10,71.76,support,0.651,72.23,0.0107,72.23,2024-02-16,37,0.58,2024-01-11,0.95,0.36,62.04,20% target,1,1724.1379310344828,1000,1637.9310344827586,637.9310344827586
VALE3.SA,28,2024-02-02,65.31,support,1.165,66.08,0.0122,66.08,2024-03-15,42,0.61,2024-02-06,1.14,0.53,87.2,20% target,4,1639.344262295082,1000,1868.8524590163934,868.8524590163934
VALE3.SA,29,2024-02-26,65.175,support,0.875,65.75,0.0149,65.75,2024-03-15,18,0.28,2024-02-27,1.97,1.69,595.58,20% target,1,3571.428571428571,1000,7035.714285714285,6035.714285714285
VALE3.SA,30,2024-03-05,65.175,support,1.025,65.85,0.0149,65.85,2024-04-19,45,0.65,2024-03-06,1.53,0.88,134.2,20% target,1,1538.4615384615383,1000,2353.846153846154,1353.8461538461538
VALE3.SA,31,2024-03-13,62,resistance,1.258,61.23,0.0195,61.23,2024-04-19,37,0.53,2024-03-15,1,0.47,89.5,20% target,2,1886.7924528301885,1000,1886.7924528301885,886.7924528301885
VALE3.SA,32,2024-03-19,62,resistance,0.977,61.4,0.0178,61.4,2024-04-19,31,0.44,2024-03-20,0.81,0.37,83.15,20% target,1,2272.7272727272725,1000,1840.9090909090908,840.9090909090908
VALE3.SA,33,2024-03-26,59.36,support,1.149,60.05,0.0154,60.05,2024-04-19,24,0.34,2024-03-27,0.85,0.52,154.22,20% target,1,2941.176470588235,1000,2500,1500
VALE3.SA,34,2024-04-01,62,resistance,1.274,61.22,0.0159,61.22,2024-05-17,46,0.62,2024-04-02,1.32,0.7,111.6,20% target,1,1612.9032258064517,1000,2129.0322580645166,1129.0322580645166
VALE3.SA,35,2024-04-05,59.36,support,0.586,59.71,0.0159,59.71,2024-05-17,42,0.56,2024-04-08,3.77,3.21,574.41,20% target,3,1785.7142857142856,1000,6732.142857142857,5732.142857142857
VALE3.SA,36,2024-04-09,62,support,0.879,62.55,0.0195,62.55,2024-05-17,38,0.55,2024-04-16,0.69,0.14,24.46,20% target,7,1818.181818181818,1000,1254.5454545454543,254.54545454545428
VALE3.SA,37,2024-04-24,64.455,resistance,1.408,63.56,0.0153,63.56,2024-05-17,23,0.34,2024-04-25,1.03,0.69,203.17,20% target,1,2941.176470588235,1000,3029.4117647058824,2029.4117647058824
VALE3.SA,38,2024-05-23,64.455,support,0.915,65.05,0.0106,65.05,2024-06-21,29,0.41,2024-05-27,0.61,0.19,46.1,20% target,4,2439.0243902439024,1000,1487.8048780487804,487.80487804878044
VALE3.SA,39,2024-06-12,59.36,support,1.297,60.14,0.011,60.14,2024-07-19,37,0.49,2024-06-13,1.16,0.68,138.62,20% target,1,2040.8163265306123,1000,2367.34693877551,1367.34693877551
VALE3.SA,40,2024-07-03,64.455,resistance,0.428,64.18,0.0096,64.18,2024-08-16,44,0.62,2024-07-10,1.49,0.88,142.07,20% target,7,1612.9032258064517,1000,2403.225806451613,1403.2258064516132
VALE3.SA,41,2024-07-23,59.535,support,1.154,60.23,0.0099,60.23,2024-08-16,24,0.32,2024-07-24,0.67,0.35,111.5,20% target,1,3125,1000,2093.75,1093.75
VALE3.SA,42,2024-07-30,59.535,support,1.137,60.22,0.0103,60.22,2024-08-16,17,0.23,2024-07-31,1.62,1.39,607.06,20% target,1,4347.826086956522,1000,7043.478260869566,6043.478260869566
VALE3.SA,43,2024-08-27,59.535,support,0.443,59.8,0.0164,59.8,2024-09-20,24,0.34,2024-09-02,0.46,0.13,37.08,20% target,6,2941.176470588235,1000,1352.9411764705883,352.9411764705883
VALE3.SA,44,2024-09-10,55.48,support,0.929,56,0.0148,56,2024-10-18,38,0.47,2024-09-11,2.04,1.57,331.53,20% target,1,2127.6595744680853,1000,4340.425531914894,3340.4255319148942
VALE3.SA,45,2024-09-24,59.925,support,0.688,60.34,0.0176,60.34,2024-10-18,24,0.35,2024-09-25,0.58,0.23,65.1,20% target,1,2857.1428571428573,1000,1657.142857142857,657.1428571428571
VALE3.SA,46,2024-09-26,64.355,resistance,0.163,64.25,0.0217,64.25,2024-10-18,22,0.38,2024-09-30,0.5,0.12,33.05,20% target,4,2631.578947368421,1000,1315.7894736842104,315.7894736842104
VALE3.SA,47,2024-10-17,59.925,support,1.374,60.76,0.0216,60.76,2024-11-15,29,0.44,2024-10-23,1.1,0.66,150.35,20% target,6,2272.7272727272725,1000,2500,1500
VALE3.SA,48,2024-11-26,56.84,support,1.027,57.43,0.0177,57.43,2024-12-20,24,0.33,2024-11-27,0.99,0.66,197,20% target,1,3030.30303030303,1000,2999.9999999999995,1999.9999999999995
VALE3.SA,49,2024-12-02,59.71,resistance,1.341,58.92,0.0183,58.92,2025-01-17,46,0.61,2024-12-04,1.03,0.41,67.77,20% target,2,1639.344262295082,1000,1688.5245901639346,688.5245901639346
VALE3.SA,50,2024-12-04,56.84,support,0.855,57.33,0.0184,57.33,2025-01-17,44,0.57,2024-12-05,1.01,0.44,76.5,20% target,1,1754.3859649122808,1000,1771.9298245614036,771.9298245614036
VALE3.SA,51,2024-12-09,59.645,support,0.309,59.83,0.021,59.83,2025-01-17,39,0.55,2024-12-12,2.65,2.1,381.13,20% target,3,1818.181818181818,1000,4818.181818181818,3818.181818181818
VALE3.SA,52,2024-12-12,56.84,resistance,0.229,56.71,0.0182,56.71,2025-01-17,36,0.47,2024-12-18,1.53,1.06,224.99,20% target,6,2127.6595744680853,1000,3255.3191489361707,2255.3191489361707
VALE3.SA,53,2024-12-13,55.705,support,0.277,55.86,0.0185,55.86,2025-01-17,35,0.45,2024-12-17,0.63,0.18,39.38,20% target,4,2222.222222222222,1000,1400,400
VALE3.SA,54,2024-12-26,55.705,resistance,1.263,55.01,0.0194,55.01,2025-01-17,22,0.31,2025-01-03,1.18,0.88,284.75,20% target,8,3225.8064516129034,1000,3806.451612903226,2806.451612903226
VALE3.SA,55,2025-01-30,55.705,resistance,1.227,55.03,0.0173,55.03,2025-02-21,22,0.29,2025-01-31,0.61,0.31,106.2,20% target,1,3448.2758620689656,1000,2103.448275862069,1103.4482758620688
VALE3.SA,56,2025-02-06,55.705,resistance,1.043,55.13,0.0166,55.13,2025-03-21,43,0.53,2025-02-10,0.74,0.21,39.79,20% target,4,1886.7924528301885,1000,1396.2264150943395,396.2264150943395
VALE3.SA,57,2025-02-25,56.385,support,1.2,57.07,0.0144,57.07,2025-03-21,24,0.31,2025-02-27,0.5,0.18,57.83,20% target,2,3225.8064516129034,1000,1612.9032258064517,612.9032258064517
VALE3.SA,58,2025-03-05,56.385,resistance,1.43,55.59,0.0122,55.59,2025-04-18,44,0.54,2025-03-06,1.13,0.6,111.33,20% target,1,1851.8518518518517,1000,2092.592592592592,1092.5925925925922
VALE3.SA,59,2025-03-14,56.84,resistance,0.977,56.29,0.0194,56.29,2025-04-18,35,0.46,2025-03-17,1.2,0.74,160.31,20% target,3,2173.913043478261,1000,2608.695652173913,1608.695652173913
VALE3.SA,60,2025-03-27,58.86,resistance,1.221,58.15,0.0174,58.15,2025-04-18,22,0.31,2025-03-31,1.22,0.91,291.52,20% target,4,3225.8064516129034,1000,3935.483870967742,2935.483870967742
VALE3.SA,61,2025-03-28,56.84,support,1.251,57.56,0.0175,57.56,2025-04-18,21,0.3,2025-03-31,0.63,0.34,112.84,20% target,3,3333.3333333333335,1000,2100,1100
VALE3.SA,62,2025-04-04,53.15,resistance,0.892,52.68,0.0205,52.68,2025-05-16,42,0.51,2025-04-08,3.04,2.53,491.65,20% target,4,1960.7843137254902,1000,5960.78431372549,4960.78431372549
VALE3.SA,63,2025-04-10,53.15,resistance,0.701,52.78,0.0243,52.78,2025-05-16,36,0.48,2025-04-11,1.28,0.81,168.69,20% target,1,2083.3333333333335,1000,2666.666666666667,1666.666666666667
VALE3.SA,64,2025-05-13,55.67,resistance,0.906,55.17,0.014,55.17,2025-06-20,38,0.46,2025-05-15,0.71,0.25,53.85,20% target,2,2173.913043478261,1000,1543.4782608695652,543.4782608695652
VALE3.SA,65,2025-05-28,52.68,support,1.367,53.41,0.0095,53.41,2025-06-20,23,0.27,2025-05-30,1.06,0.79,294.11,20% target,2,3703.7037037037035,1000,3925.925925925926,2925.925925925926
VALE3.SA,66,2025-06-17,50.87,support,1.05,51.41,0.0151,51.41,2025-07-18,31,0.36,2025-06-20,1.18,0.82,226.37,20% target,3,2777.777777777778,1000,3277.777777777778,2277.777777777778
VALE3.SA,67,2025-06-26,52.68,resistance,1.308,52,0.0177,52,2025-07-18,22,0.28,2025-06-27,1.11,0.83,294.98,20% target,1,3571.428571428571,1000,3964.285714285714,2964.285714285714
VALE3.SA,68,2025-07-02,55.68,resistance,0.687,55.3,0.0191,55.3,2025-08-15,44,0.55,2025-07-09,0.82,0.26,47.09,20% target,7,1818.181818181818,1000,1490.9090909090908,490.90909090909076
VALE3.SA,69,2025-07-07,54.05,support,0.625,54.39,0.0195,54.39,2025-08-15,39,0.49,2025-07-08,0.65,0.16,32.01,20% target,1,2040.8163265306123,1000,1326.530612244898,326.53061224489807
VALE3.SA,70,2025-07-10,55.68,resistance,0.724,55.28,0.0201,55.28,2025-08-15,36,0.47,2025-07-11,1.14,0.67,143.41,20% target,1,2127.6595744680853,1000,2425.531914893617,1425.5319148936169
VALE3.SA,71,2025-07-15,54.05,resistance,0.26,53.91,0.0198,53.91,2025-08-15,31,0.4,2025-07-16,0.84,0.44,109.97,20% target,1,2500,1000,2100,1100
VALE3.SA,72,2025-07-21,55.68,support,0.66,56.05,0.0159,56.05,2025-08-15,25,0.33,2025-07-22,1.74,1.42,433.75,20% target,1,3030.30303030303,1000,5272.727272727272,4272.727272727272
VALE3.SA,73,2025-07-29,54.05,support,1.405,54.82,0.0165,54.82,2025-08-15,17,0.23,2025-07-30,0.79,0.55,237.03,20% target,1,4347.826086956522,1000,3434.7826086956525,2434.7826086956525
VALE3.SA,74,2025-08-08,55.68,resistance,0.524,55.39,0.0145,55.39,2025-09-19,42,0.51,2025-08-12,0.98,0.47,90.57,20% target,4,1960.7843137254902,1000,1921.5686274509803,921.5686274509803
VALE3.SA,75,2025-08-13,54.05,support,0.074,54.09,0.015,54.09,2025-09-19,37,0.45,2025-08-20,0.74,0.29,64.8,20% target,7,2222.222222222222,1000,1644.4444444444443,644.4444444444443
VALE3.SA,76,2025-08-20,52.37,support,1.189,53,0.012,53,2025-09-19,30,0.35,2025-08-21,0.79,0.43,123.73,20% target,1,2857.1428571428573,1000,2257.1428571428573,1257.1428571428573
VALE3.SA,77,2025-08-21,54.05,resistance,1.123,53.45,0.012,53.45,2025-09-19,29,0.34,2025-08-22,1.67,1.32,386.29,20% target,1,2941.176470588235,1000,4911.764705882352,3911.7647058823522
VALE3.SA,78,2025-08-25,55.69,resistance,1.402,54.92,0.0129,54.92,2025-09-19,25,0.31,2025-08-26,0.78,0.47,152.33,20% target,1,3225.8064516129034,1000,2516.129032258065,1516.1290322580649
VALE3.SA,79,2025-09-15,58.21,resistance,1.235,57.5,0.0065,57.5,2025-10-17,32,0.4,2025-09-16,0.59,0.19,46.65,20% target,1,2500,1000,1475,475
VALE3.SA,80,2025-12-22,72.39,support,0.727,72.92,0.0176,72.92,2026-01-16,25,0.44,2025-12-26,0.54,0.11,24.71,20% target,4,2272.7272727272725,1000,1227.2727272727273,227.27272727272725
ITUB4.SA,1,2023-02-17,23.5481,support,0.744,23.72,0.0243,23.72,2023-03-17,28,0.18,2023-02-22,0.32,0.14,77.6,20% target,5,5555.555555555556,1000,1777.7777777777778,777.7777777777778
ITUB4.SA,2,2023-03-02,21.4122,resistance,0.331,21.34,0.0254,21.34,2023-04-21,50,0.26,2023-03-06,0.73,0.47,182.28,20% target,4,3846.153846153846,1000,2807.6923076923076,1807.6923076923076
ITUB4.SA,3,2023-03-10,21.4122,resistance,0.789,21.24,0.0183,21.24,2023-04-21,42,0.21,2023-03-17,0.48,0.27,131.29,20% target,7,4761.904761904762,1000,2285.714285714286,1285.7142857142858
ITUB4.SA,4,2023-03-16,21.4122,resistance,0.957,21.21,0.0159,21.21,2023-04-21,36,0.17,2023-03-17,0.45,0.28,161.61,20% target,1,5882.35294117647,1000,2647.0588235294117,1647.0588235294117
ITUB4.SA,5,2023-03-29,21.4122,resistance,1.252,21.15,0.0169,21.15,2023-04-21,23,0.11,2023-03-30,0.68,0.57,494.43,20% target,1,9090.90909090909,1000,6181.818181818182,5181.818181818182
ITUB4.SA,6,2023-05-08,23.3539,resistance,0.417,23.26,0.0165,23.26,2023-06-16,39,0.2,2023-05-09,0.33,0.13,64.61,20% target,1,5000,1000,1650,650
ITUB4.SA,7,2023-05-10,23.9629,resistance,0.929,23.74,0.0166,23.74,2023-06-16,37,0.2,2023-05-11,0.42,0.22,108.72,20% target,1,5000,1000,2100,1100
ITUB4.SA,8,2023-05-22,23.3539,resistance,0.379,23.27,0.0158,23.27,2023-06-16,25,0.13,2023-05-23,0.3,0.17,129.68,20% target,1,7692.307692307692,1000,2307.6923076923076,1307.6923076923076
ITUB4.SA,9,2023-05-25,23.9629,support,0.367,24.05,0.0167,24.05,2023-06-16,22,0.13,2023-05-29,0.2,0.07,52.97,20% target,4,7692.307692307692,1000,1538.4615384615386,538.4615384615386
ITUB4.SA,10,2023-05-30,23.3539,support,0.301,23.42,0.014,23.42,2023-06-16,17,0.1,2023-06-01,0.4,0.3,308.93,20% target,2,10000,1000,4000,3000
ITUB4.SA,11,2023-06-02,23.9629,resistance,0.221,23.91,0.0124,23.91,2023-07-21,49,0.26,2023-06-06,0.46,0.2,77.83,20% target,4,3846.153846153846,1000,1769.2307692307693,769.2307692307693
ITUB4.SA,12,2023-08-04,24.4484,support,0.646,24.61,0.0136,24.61,2023-09-15,42,0.22,2023-08-14,0.4,0.17,76,20% target,10,4545.454545454545,1000,1818.181818181818,818.181818181818
ITUB4.SA,13,2023-08-23,24.4484,resistance,0.326,24.37,0.0103,24.37,2023-09-15,23,0.12,2023-08-24,0.17,0.04,35.48,20% target,1,8333.333333333334,1000,1416.666666666667,416.66666666666697
ITUB4.SA,14,2023-09-11,24.4484,resistance,0.911,24.23,0.0148,24.23,2023-10-20,39,0.21,2023-09-12,0.34,0.13,63.68,20% target,1,4761.904761904762,1000,1619.0476190476193,619.0476190476193
ITUB4.SA,15,2023-09-26,23.2877,support,0.808,23.48,0.0126,23.48,2023-10-20,24,0.12,2023-09-28,0.68,0.56,450.8,20% target,2,8333.333333333334,1000,5666.666666666668,4666.666666666668
ITUB4.SA,16,2023-10-03,23.2877,support,0.808,23.48,0.0129,23.48,2023-11-17,45,0.23,2023-10-04,0.76,0.53,232.26,20% target,1,4347.826086956522,1000,3304.347826086957,2304.347826086957
ITUB4.SA,17,2023-10-05,24.4484,resistance,0.217,24.4,0.0137,24.4,2023-11-17,43,0.23,2023-10-06,0.45,0.22,98.04,20% target,1,4347.826086956522,1000,1956.521739130435,956.521739130435
ITUB4.SA,18,2023-10-18,23.3407,support,1.14,23.61,0.0142,23.61,2023-11-17,30,0.16,2023-10-19,0.42,0.26,166.16,20% target,1,6250,1000,2625,1625
ITUB4.SA,19,2023-10-26,24.4484,support,0.036,24.46,0.0135,24.46,2023-11-17,22,0.12,2023-10-27,0.25,0.13,109.42,20% target,1,8333.333333333334,1000,2083.3333333333335,1083.3333333333335
ITUB4.SA,20,2023-10-31,23.4157,support,1.081,23.67,0.0129,23.67,2023-11-17,17,0.09,2023-11-01,0.55,0.45,476.06,20% target,1,11111.111111111111,1000,6111.111111111111,5111.111111111111
ITUB4.SA,21,2023-11-03,24.4484,support,0.823,24.65,0.0133,24.65,2023-12-15,42,0.23,2023-11-06,0.44,0.21,92.54,20% target,3,4347.826086956522,1000,1913.0434782608697,913.0434782608697
ITUB4.SA,22,2023-11-06,25.1015,resistance,0.887,24.88,0.013,24.88,2023-12-15,39,0.21,2023-11-07,0.9,0.69,322.02,20% target,1,4761.904761904762,1000,4285.714285714286,3285.7142857142862
ITUB4.SA,23,2023-11-08,26.0018,resistance,1.202,25.69,0.014,25.69,2023-12-15,37,0.21,2023-11-09,0.32,0.11,49.89,20% target,1,4761.904761904762,1000,1523.809523809524,523.8095238095241
ITUB4.SA,24,2024-02-08,29.9823,resistance,0.325,29.89,0.0136,29.89,2024-03-15,36,0.23,2024-02-09,0.6,0.37,158.11,20% target,1,4347.826086956522,1000,2608.695652173913,1608.695652173913
ITUB4.SA,25,2024-02-22,29.9823,support,0.556,30.15,0.0165,30.15,2024-03-15,22,0.16,2024-02-23,0.23,0.07,44.23,20% target,1,6250,1000,1437.5,437.5
ITUB4.SA,26,2024-03-22,29.7749,resistance,0.044,29.76,0.01,29.76,2024-04-19,28,0.18,2024-03-26,0.75,0.56,306.06,20% target,4,5555.555555555556,1000,4166.666666666667,3166.666666666667
ITUB4.SA,27,2024-04-01,29.7749,resistance,0.882,29.51,0.0121,29.51,2024-05-17,46,0.3,2024-04-09,0.36,0.06,20.85,20% target,8,3333.3333333333335,1000,1200,200
ITUB4.SA,28,2024-04-09,29.7749,resistance,0.492,29.63,0.0124,29.63,2024-05-17,38,0.25,2024-04-10,0.39,0.14,57.3,20% target,1,4000,1000,1560,560
ITUB4.SA,29,2024-04-15,28.2171,resistance,0.188,28.16,0.0133,28.16,2024-05-17,32,0.2,2024-04-26,0.4,0.19,95.25,20% target,11,5000,1000,2000,1000
ITUB4.SA,30,2024-05-08,29.7749,resistance,1.367,29.37,0.0121,29.37,2024-06-21,44,0.29,2024-05-09,0.6,0.32,111.08,20% target,1,3448.2758620689656,1000,2068.965517241379,1068.965517241379
ITUB4.SA,31,2024-05-09,28.2171,support,0.96,28.49,0.013,28.49,2024-06-21,43,0.27,2024-05-10,0.59,0.32,118.27,20% target,1,3703.7037037037035,1000,2185.1851851851848,1185.1851851851848
ITUB4.SA,32,2024-05-14,29.7749,resistance,0.973,29.49,0.0128,29.49,2024-06-21,38,0.24,2024-05-22,0.66,0.41,168,20% target,8,4166.666666666667,1000,2750.0000000000005,1750.0000000000005
ITUB4.SA,33,2024-05-22,28.2171,support,1.479,28.64,0.013,28.64,2024-06-21,30,0.19,2024-05-24,0.35,0.16,84.42,20% target,2,5263.157894736842,1000,1842.1052631578943,842.1052631578943
ITUB4.SA,34,2024-07-09,29.6205,resistance,1.39,29.21,0.0079,29.21,2024-08-16,38,0.25,2024-07-10,0.55,0.3,122.61,20% target,1,4000,1000,2200,1200
ITUB4.SA,35,2024-07-25,29.6205,support,1.265,30,0.0058,30,2024-08-16,22,0.14,2024-07-26,0.36,0.21,148.36,20% target,1,7142.857142857142,1000,2571.428571428571,1571.428571428571
ITUB4.SA,36,2024-07-29,30.7237,resistance,0.928,30.44,0.0056,30.44,2024-08-16,18,0.12,2024-07-31,0.43,0.31,255.3,20% target,2,8333.333333333334,1000,3583.3333333333335,2583.3333333333335
ITUB4.SA,37,2024-07-31,29.6205,support,0.945,29.9,0.0064,29.9,2024-08-16,16,0.11,2024-08-02,0.5,0.39,363,20% target,2,9090.90909090909,1000,4545.454545454545,3545.454545454545
ITUB4.SA,38,2024-08-09,30.7237,resistance,0.723,30.5,0.0106,30.5,2024-09-20,42,0.28,2024-08-13,1.17,0.88,311.85,20% target,4,3571.428571428571,1000,4178.5714285714275,3178.5714285714275
ITUB4.SA,39,2024-08-13,31.7299,resistance,1.012,31.41,0.0121,31.41,2024-09-20,38,0.26,2024-08-14,1.03,0.77,291,20% target,1,3846.153846153846,1000,3961.538461538462,2961.538461538462
ITUB4.SA,40,2024-08-28,33.0891,resistance,0.321,32.98,0.0136,32.98,2024-09-20,23,0.18,2024-08-30,0.44,0.26,148.62,20% target,2,5555.555555555556,1000,2444.4444444444443,1444.4444444444443
ITUB4.SA,41,2024-10-03,30.556,support,0.631,30.75,0.0107,30.75,2024-11-15,43,0.29,2024-10-07,0.53,0.24,82.24,20% target,4,3448.2758620689656,1000,1827.5862068965519,827.5862068965519
ITUB4.SA,42,2024-10-31,30.5207,support,1.256,30.91,0.0084,30.91,2024-11-15,15,0.1,2024-11-01,0.15,0.05,46.94,20% target,1,10000,1000,1500,500
ITUB4.SA,43,2024-11-08,30.5207,support,1.425,30.96,0.0112,30.96,2024-12-20,42,0.29,2024-11-18,0.47,0.18,64.16,20% target,10,3448.2758620689656,1000,1620.6896551724137,620.6896551724137
ITUB4.SA,44,2024-11-28,28.5525,support,1.01,28.84,0.0149,28.84,2024-12-20,22,0.15,2024-12-02,0.21,0.06,42,20% target,4,6666.666666666667,1000,1400,400
ITUB4.SA,45,2024-12-12,28.5525,support,0.4,28.67,0.0155,28.67,2025-01-17,36,0.23,2024-12-16,0.48,0.25,110.44,20% target,4,4347.826086956522,1000,2086.9565217391305,1086.9565217391305
ITUB4.SA,46,2025-01-15,28.5525,resistance,0.403,28.44,0.019,28.44,2025-02-21,37,0.24,2025-01-17,0.33,0.09,37.31,20% target,2,4166.666666666667,1000,1375.0000000000002,375.0000000000002
ITUB4.SA,47,2025-01-30,30.4854,resistance,1.499,30.04,0.0174,30.04,2025-02-21,22,0.16,2025-02-03,0.2,0.04,28.32,20% target,4,6250,1000,1250,250
ITUB4.SA,48,2025-02-05,30.4854,resistance,1.261,30.11,0.0132,30.11,2025-03-21,44,0.29,2025-02-10,0.41,0.12,43.34,20% target,5,3448.2758620689656,1000,1413.7931034482758,413.7931034482758
ITUB4.SA,49,2025-03-14,30.4854,resistance,0.67,30.28,0.0171,30.28,2025-04-18,35,0.24,2025-03-17,1.12,0.88,360.3,20% target,3,4166.666666666667,1000,4666.666666666668,3666.666666666668
ITUB4.SA,50,2025-03-17,31.1562,support,0.113,31.19,0.0183,31.19,2025-04-18,32,0.23,2025-03-18,0.38,0.15,62.51,20% target,1,4347.826086956522,1000,1652.1739130434785,652.1739130434785
ITUB4.SA,51,2025-03-28,30.4854,support,0.915,30.77,0.0135,30.77,2025-04-18,21,0.15,2025-04-03,0.56,0.41,282.44,20% target,6,6666.666666666667,1000,3733.333333333334,2733.333333333334
ITUB4.SA,52,2025-04-03,31.1562,resistance,0.378,31.04,0.0124,31.04,2025-05-16,43,0.29,2025-04-04,0.52,0.23,79.42,20% target,1,3448.2758620689656,1000,1793.103448275862,793.1034482758621
ITUB4.SA,53,2025-04-04,30.4854,resistance,0.835,30.23,0.0141,30.23,2025-05-16,42,0.28,2025-04-09,0.87,0.59,207.06,20% target,5,3571.428571428571,1000,3107.142857142857,2107.142857142857
ITUB4.SA,54,2025-04-09,31.1562,resistance,0.978,30.85,0.0142,30.85,2025-05-16,37,0.26,2025-04-14,0.75,0.5,193.02,20% target,5,3846.153846153846,1000,2884.6153846153848,1884.6153846153848
ITUB4.SA,55,2025-04-10,30.4854,support,0.79,30.73,0.014,30.73,2025-05-16,36,0.24,2025-04-11,0.39,0.14,59.36,20% target,1,4166.666666666667,1000,1625.0000000000002,625.0000000000002
ITUB4.SA,56,2025-04-11,31.1562,resistance,0.883,30.88,0.0122,30.88,2025-05-16,35,0.24,2025-04-14,0.72,0.48,200.33,20% target,3,4166.666666666667,1000,3000,2000
ITUB4.SA,57,2025-04-15,32.169,resistance,1.204,31.79,0.0111,31.79,2025-05-16,31,0.21,2025-04-22,0.79,0.58,272.66,20% target,7,4761.904761904762,1000,3761.9047619047624,2761.9047619047624
ITUB4.SA,58,2025-06-27,34.699,support,1.461,35.21,0.0097,35.21,2025-07-18,21,0.17,2025-06-30,0.8,0.64,381.77,20% target,3,5882.35294117647,1000,4705.882352941177,3705.8823529411766
ITUB4.SA,59,2025-07-10,34.699,resistance,1.39,34.22,0.0144,34.22,2025-08-15,36,0.28,2025-07-17,0.68,0.4,144.14,20% target,7,3571.428571428571,1000,2428.5714285714284,1428.5714285714284
ITUB4.SA,60,2025-07-17,34.699,resistance,0.056,34.68,0.0139,34.68,2025-08-15,29,0.23,2025-07-18,0.42,0.19,86.07,20% target,1,4347.826086956522,1000,1826.0869565217392,826.0869565217392
ITUB4.SA,61,2025-08-04,34.699,resistance,1.246,34.27,0.0131,34.27,2025-09-19,46,0.35,2025-08-05,0.72,0.37,106.41,20% target,1,2857.1428571428573,1000,2057.1428571428573,1057.1428571428573
ITUB4.SA,62,2025-08-12,37.1893,resistance,0.723,36.92,0.0118,36.92,2025-09-19,38,0.31,2025-08-19,1.42,1.11,357.39,20% target,7,3225.8064516129034,1000,4580.645161290323,3580.645161290323
ITUB4.SA,63,2025-08-18,37.1893,resistance,1.443,36.66,0.0109,36.66,2025-09-19,32,0.26,2025-08-19,1.16,0.9,350.01,20% target,1,3846.153846153846,1000,4461.538461538461,3461.538461538461
ITUB4.SA,64,2025-08-28,37.1553,support,0.209,37.23,0.0147,37.23,2025-09-19,22,0.19,2025-08-29,0.31,0.12,61.11,20% target,1,5263.157894736842,1000,1631.5789473684208,631.5789473684208
ITUB4.SA,65,2025-09-19,37.932,resistance,0.179,37.86,0.0109,37.86,2025-10-17,28,0.24,2025-09-22,0.33,0.1,40.26,20% target,3,4166.666666666667,1000,1375.0000000000002,375.0000000000002
ITUB4.SA,66,2025-09-22,37.0194,support,0.806,37.32,0.0114,37.32,2025-10-17,25,0.21,2025-09-23,0.79,0.58,280.59,20% target,1,4761.904761904762,1000,3761.9047619047624,2761.9047619047624
ITUB4.SA,67,2025-09-23,37.932,resistance,0.051,37.91,0.0116,37.91,2025-10-17,24,0.2,2025-09-25,0.37,0.16,79.88,20% target,2,5000,1000,1850,850
ITUB4.SA,68,2025-09-25,37.0194,support,0.91,37.36,0.0106,37.36,2025-10-17,22,0.18,2025-09-26,0.36,0.17,95.87,20% target,1,5555.555555555556,1000,2000,1000
ITUB4.SA,69,2025-09-26,37.932,resistance,1.034,37.54,0.0106,37.54,2025-10-17,21,0.18,2025-09-29,0.37,0.19,104.55,20% target,3,5555.555555555556,1000,2055.5555555555557,1055.5555555555557
ITUB4.SA,70,2025-10-01,37.0194,support,0.574,37.23,0.0105,37.23,2025-11-21,51,0.42,2025-10-07,0.78,0.36,86.37,20% target,6,2380.952380952381,1000,1857.1428571428573,857.1428571428573
ITUB4.SA,71,2025-10-20,37.1553,resistance,0.288,37.05,0.0095,37.05,2025-11-21,32,0.26,2025-10-27,0.39,0.13,49.44,20% target,7,3846.153846153846,1000,1500,500
ITUB4.SA,72,2025-10-29,38.1408,support,0.14,38.19,0.0093,38.19,2025-11-21,23,0.2,2025-10-31,0.28,0.08,40.39,20% target,2,5000,1000,1400.0000000000002,400.0000000000002
ITUB4.SA,73,2025-11-19,38.1408,support,1.418,38.69,0.0099,38.69,2025-12-19,30,0.25,2025-11-21,0.35,0.1,38.98,20% target,2,4000,1000,1400,400
ITUB4.SA,74,2025-11-26,40.165,resistance,1.273,39.66,0.0109,39.66,2025-12-19,23,0.2,2025-11-28,0.95,0.75,368.92,20% target,2,5000,1000,4750,3750
ITUB4.SA,75,2025-12-10,38.3495,resistance,0.152,38.29,0.0197,38.29,2026-01-16,37,0.33,2025-12-12,0.61,0.27,82.05,20% target,2,3030.30303030303,1000,1848.4848484848483,848.4848484848483
ITUB4.SA,76,2026-01-05,40.165,resistance,1.12,39.72,0.0189,39.72,2026-02-20,46,0.41,2026-01-06,0.63,0.22,52.51,20% target,1,2439.0243902439024,1000,1536.5853658536585,536.5853658536585
ITUB4.SA,77,2026-01-21,42.1359,resistance,1.118,41.67,0.0127,41.67,2026-02-20,30,0.28,2026-01-22,1.67,1.4,503.49,20% target,1,3571.428571428571,1000,5964.285714285714,4964.285714285714
ITUB4.SA,78,2026-03-12,42.1359,support,1.298,42.69,0.0187,42.69,2026-04-17,36,0.36,2026-03-16,0.61,0.25,70.97,20% target,4,2777.777777777778,1000,1694.4444444444443,694.4444444444443
ITUB4.SA,79,2026-05-04,42.1359,support,0.623,42.4,0.0156,42.4,2026-06-19,46,0.43,2026-05-07,1.21,0.78,180.82,20% target,3,2325.5813953488373,1000,2813.953488372093,1813.953488372093
ITUB4.SA,80,2026-05-07,41.18,resistance,0.956,40.79,0.0165,40.79,2026-06-19,43,0.39,2026-05-08,0.84,0.45,115.41,20% target,1,2564.102564102564,1000,2153.846153846154,1153.8461538461538
ITUB4.SA,81,2026-05-19,38.734,support,0.119,38.78,0.0138,38.78,2026-06-19,31,0.27,2026-05-20,1.14,0.88,326.15,20% target,1,3703.7037037037035,1000,4222.222222222222,3222.2222222222217
BBDC4.SA,1,2023-03-02,12.6,support,1.486,12.79,0.0288,12.79,2023-04-21,50,0.16,2023-03-03,0.21,0.05,32.97,20% target,1,6250,1000,1312.5,312.5
BBDC4.SA,2,2023-03-23,12.665,resistance,0.756,12.57,0.0219,12.57,2023-04-21,29,0.09,2023-03-24,0.22,0.13,136.46,20% target,1,11111.111111111111,1000,2444.4444444444443,1444.4444444444443
BBDC4.SA,3,2023-05-04,14.2,resistance,0.924,14.07,0.017,14.07,2023-06-16,43,0.14,2023-05-05,0.83,0.69,510.92,20% target,1,7142.857142857142,1000,5928.5714285714275,4928.5714285714275
BBDC4.SA,4,2023-09-06,14.2,support,1.252,14.38,0.0139,14.38,2023-10-20,44,0.14,2023-09-11,0.39,0.25,181.91,20% target,5,7142.857142857142,1000,2785.714285714286,1785.7142857142858
BBDC4.SA,5,2023-09-21,14.2,support,0.421,14.26,0.0164,14.26,2023-10-20,29,0.1,2023-09-26,0.23,0.13,136.04,20% target,5,10000,1000,2300,1300
BBDC4.SA,6,2023-10-16,14.74,resistance,0.683,14.64,0.0155,14.64,2023-11-17,32,0.11,2023-10-18,0.18,0.08,73.71,20% target,2,9090.90909090909,1000,1636.3636363636363,636.3636363636363
BBDC4.SA,7,2023-10-31,13.84,support,1.072,13.99,0.0139,13.99,2023-11-17,17,0.06,2023-11-01,0.26,0.21,368.63,20% target,1,16666.666666666668,1000,4333.333333333334,3333.333333333334
BBDC4.SA,8,2023-11-03,14.74,support,0.203,14.77,0.0154,14.77,2023-12-15,42,0.14,2023-11-07,0.5,0.36,264.86,20% target,4,7142.857142857142,1000,3571.428571428571,2571.428571428571
BBDC4.SA,9,2023-11-13,14.74,resistance,0,14.74,0.0165,14.74,2023-12-15,32,0.11,2023-11-14,0.41,0.3,279.84,20% target,1,9090.90909090909,1000,3727.2727272727266,2727.2727272727266
BBDC4.SA,10,2023-11-22,15.81,resistance,0.509,15.73,0.0179,15.73,2023-12-15,23,0.09,2023-11-23,0.5,0.41,460.92,20% target,1,11111.111111111111,1000,5555.555555555556,4555.555555555556
BBDC4.SA,11,2023-12-08,16.65,resistance,1.154,16.46,0.0143,16.46,2024-01-19,42,0.15,2023-12-13,0.63,0.48,314.74,20% target,5,6666.666666666667,1000,4200,3200
BBDC4.SA,12,2023-12-14,17.33,resistance,0.464,17.25,0.0139,17.25,2024-01-19,36,0.14,2023-12-15,0.3,0.16,119.25,20% target,1,7142.857142857142,1000,2142.8571428571427,1142.8571428571427
BBDC4.SA,13,2024-01-11,15.72,support,1.38,15.94,0.017,15.94,2024-02-16,36,0.13,2024-01-18,0.17,0.04,29.55,20% target,7,7692.307692307692,1000,1307.6923076923078,307.69230769230785
BBDC4.SA,14,2024-01-26,15.72,resistance,1.289,15.52,0.011,15.52,2024-02-16,21,0.07,2024-01-30,0.19,0.12,164.72,20% target,4,14285.714285714284,1000,2714.285714285714,1714.2857142857142
BBDC4.SA,15,2024-02-05,15.72,resistance,0.576,15.63,0.01,15.63,2024-03-15,39,0.13,2024-02-06,1.1,0.97,725.73,20% target,1,7692.307692307692,1000,8461.538461538463,7461.538461538463
BBDC4.SA,16,2024-02-06,16.65,resistance,0.301,16.6,0.0162,16.6,2024-03-15,38,0.14,2024-02-07,2.51,2.36,1667.58,20% target,1,7142.857142857142,1000,17928.571428571424,16928.571428571424
BBDC4.SA,17,2024-02-07,13.895,support,0.466,13.96,0.0422,13.96,2024-03-15,37,0.18,2024-02-08,0.3,0.12,70.59,20% target,1,5555.555555555556,1000,1666.6666666666667,666.6666666666667
BBDC4.SA,18,2024-02-20,13.895,support,0.537,13.97,0.0432,13.97,2024-03-15,24,0.14,2024-02-29,0.18,0.05,33.37,20% target,9,7142.857142857142,1000,1285.7142857142856,285.71428571428555
BBDC4.SA,19,2024-03-22,13.895,support,0.466,13.96,0.0099,13.96,2024-04-19,28,0.09,2024-03-26,0.25,0.17,195.36,20% target,4,11111.111111111111,1000,2777.777777777778,1777.7777777777778
BBDC4.SA,20,2024-04-01,13.95,support,1.274,14.13,0.01,14.13,2024-05-17,46,0.14,2024-04-02,0.2,0.06,40.1,20% target,1,7142.857142857142,1000,1428.5714285714284,428.57142857142844
BBDC4.SA,21,2024-04-04,14.74,resistance,1.236,14.56,0.0103,14.56,2024-05-17,43,0.14,2024-04-08,0.18,0.05,34.55,20% target,4,7142.857142857142,1000,1285.7142857142856,285.71428571428555
BBDC4.SA,22,2024-04-15,13.95,support,0.357,14,0.0114,14,2024-05-17,32,0.1,2024-04-18,0.14,0.04,43.47,20% target,3,10000,1000,1400.0000000000002,400.0000000000002
BBDC4.SA,23,2024-04-26,13.95,resistance,0.504,13.88,0.01,13.88,2024-05-17,21,0.06,2024-04-29,0.23,0.17,264.04,20% target,3,16666.666666666668,1000,3833.333333333334,2833.333333333334
BBDC4.SA,24,2024-05-09,13.47,resistance,0.149,13.45,0.0093,13.45,2024-06-21,43,0.13,2024-05-22,0.26,0.14,107.48,20% target,13,7692.307692307692,1000,2000,1000
BBDC4.SA,25,2024-06-06,13.18,resistance,0.996,13.05,0.0113,13.05,2024-07-19,43,0.12,2024-06-12,0.25,0.13,107.57,20% target,6,8333.333333333334,1000,2083.3333333333335,1083.3333333333335
BBDC4.SA,26,2024-08-02,12.8,resistance,1.186,12.65,0.0091,12.65,2024-09-20,49,0.14,2024-08-05,1.09,0.95,704.24,20% target,3,7142.857142857142,1000,7785.714285714285,6785.714285714285
BBDC4.SA,27,2024-08-08,14.32,resistance,0.491,14.25,0.0194,14.25,2024-09-20,43,0.14,2024-08-09,0.48,0.34,242.28,20% target,1,7142.857142857142,1000,3428.571428571428,2428.571428571428
BBDC4.SA,28,2024-08-12,14.88,resistance,1.224,14.7,0.0196,14.7,2024-09-20,39,0.13,2024-08-13,0.3,0.17,126.9,20% target,1,7692.307692307692,1000,2307.6923076923076,1307.6923076923076
BBDC4.SA,29,2024-09-19,14.88,support,0.998,15.03,0.0091,15.03,2024-10-18,29,0.1,2024-09-20,0.19,0.09,97.12,20% target,1,10000,1000,1900,900
BBDC4.SA,30,2024-09-23,14.32,support,0.348,14.37,0.0108,14.37,2024-10-18,25,0.08,2024-09-25,0.14,0.06,79.3,20% target,2,12500,1000,1750.0000000000002,750.0000000000002
BBDC4.SA,31,2024-09-26,14.88,resistance,0.473,14.81,0.0119,14.81,2024-10-18,22,0.07,2024-09-27,0.2,0.12,171.19,20% target,1,14285.714285714284,1000,2857.142857142857,1857.1428571428569
BBDC4.SA,32,2024-10-31,14.26,support,0.765,14.37,0.0142,14.37,2024-11-15,15,0.05,2024-11-01,0.11,0.06,113.78,20% target,1,20000,1000,2200,1200
BBDC4.SA,33,2024-11-28,12.8,resistance,0.313,12.76,0.0158,12.76,2024-12-20,22,0.07,2024-12-02,0.27,0.21,309,20% target,4,14285.714285714284,1000,3857.142857142857,2857.142857142857
BBDC4.SA,34,2024-12-02,12.225,support,1.092,12.36,0.0135,12.36,2025-01-17,46,0.12,2024-12-04,0.2,0.07,59.23,20% target,2,8333.333333333334,1000,1666.666666666667,666.666666666667
BBDC4.SA,35,2024-12-11,12.8,resistance,0.787,12.7,0.0166,12.7,2025-01-17,37,0.11,2024-12-12,0.34,0.23,220.47,20% target,1,9090.90909090909,1000,3090.909090909091,2090.909090909091
BBDC4.SA,36,2024-12-12,12.225,support,0.285,12.26,0.0181,12.26,2025-01-17,36,0.1,2024-12-16,0.27,0.17,170.13,20% target,4,10000,1000,2700,1700
BBDC4.SA,37,2025-02-03,11.89,support,1.491,12.07,0.018,12.07,2025-03-21,46,0.12,2025-02-05,0.36,0.23,185.03,20% target,2,8333.333333333334,1000,3000,2000
BBDC4.SA,38,2025-02-19,11.89,support,0.751,11.98,0.0228,11.98,2025-03-21,30,0.09,2025-02-24,0.28,0.19,211.61,20% target,5,11111.111111111111,1000,3111.1111111111113,2111.1111111111113
BBDC4.SA,39,2025-02-26,11.42,support,1.04,11.54,0.023,11.54,2025-03-21,23,0.07,2025-02-28,0.25,0.17,243.02,20% target,2,14285.714285714284,1000,3571.428571428571,2571.428571428571
BBDC4.SA,40,2025-03-05,11.42,support,0.436,11.47,0.0204,11.47,2025-04-18,44,0.12,2025-03-06,0.19,0.07,61.47,20% target,1,8333.333333333334,1000,1583.3333333333335,583.3333333333335
BBDC4.SA,41,2025-03-19,12.58,resistance,1.37,12.41,0.0159,12.41,2025-04-18,30,0.09,2025-03-21,0.19,0.1,118.54,20% target,2,11111.111111111111,1000,2111.1111111111113,1111.1111111111113
BBDC4.SA,42,2025-03-31,12.58,support,0.71,12.67,0.0149,12.67,2025-04-18,18,0.05,2025-04-01,0.09,0.04,66.57,20% target,1,20000,1000,1800,800
BBDC4.SA,43,2025-04-08,11.89,support,1.082,12.02,0.0165,12.02,2025-05-16,38,0.1,2025-04-09,0.55,0.44,431.57,20% target,1,10000,1000,5500,4500
BBDC4.SA,44,2025-04-09,12.58,resistance,0.882,12.47,0.0182,12.47,2025-05-16,37,0.11,2025-04-11,0.25,0.14,131.46,20% target,2,9090.90909090909,1000,2272.7272727272725,1272.7272727272725
BBDC4.SA,45,2025-04-22,12.58,support,1.178,12.73,0.0154,12.73,2025-05-16,24,0.07,2025-04-23,0.48,0.41,581.44,20% target,1,14285.714285714284,1000,6857.142857142856,5857.142857142856
BBDC4.SA,46,2025-06-30,16.95,resistance,0.713,16.83,0.0137,16.83,2025-07-18,18,0.07,2025-07-02,0.31,0.24,334.82,20% target,2,14285.714285714284,1000,4428.571428571428,3428.5714285714284
BBDC4.SA,47,2025-08-28,16.95,resistance,0.953,16.79,0.0142,16.79,2025-09-19,22,0.09,2025-08-29,0.12,0.03,38.5,20% target,1,11111.111111111111,1000,1333.3333333333333,333.33333333333326
BBDC4.SA,48,2025-10-02,16.95,support,0.819,17.09,0.0139,17.09,2025-11-21,50,0.19,2025-10-15,0.41,0.22,117.87,20% target,13,5263.157894736842,1000,2157.894736842105,1157.894736842105
BBDC4.SA,49,2025-10-20,18.05,resistance,0.222,18.01,0.0117,18.01,2025-11-21,32,0.13,2025-10-24,0.18,0.05,42.07,20% target,4,7692.307692307692,1000,1384.6153846153845,384.6153846153845
BBDC4.SA,50,2025-11-28,19.84,resistance,0.967,19.65,0.0113,19.65,2025-12-19,21,0.09,2025-12-01,0.11,0.02,21.07,20% target,3,11111.111111111111,1000,1222.2222222222222,222.22222222222217
BBDC4.SA,51,2025-12-05,18.05,support,0.386,18.12,0.0195,18.12,2026-01-16,42,0.17,2025-12-08,0.28,0.11,62.79,20% target,3,5882.35294117647,1000,1647.058823529412,647.0588235294119
BBDC4.SA,52,2025-12-17,18.05,support,1.096,18.25,0.0204,18.25,2026-01-16,30,0.13,2025-12-18,0.2,0.06,48.41,20% target,1,7692.307692307692,1000,1538.4615384615386,538.4615384615386
BBDC4.SA,53,2025-12-30,18.05,support,0.77,18.19,0.0195,18.19,2026-01-16,17,0.08,2026-01-02,0.23,0.15,173.87,20% target,3,12500,1000,2875,1875
BBDC4.SA,54,2026-01-13,18.05,support,0.77,18.19,0.0149,18.19,2026-02-20,38,0.15,2026-01-14,0.48,0.32,210.15,20% target,1,6666.666666666667,1000,3200,2200
BBDC4.SA,55,2026-01-20,19.43,resistance,1.356,19.17,0.0142,19.17,2026-02-20,31,0.13,2026-01-21,0.72,0.58,437.73,20% target,1,7692.307692307692,1000,5538.461538461538,4538.461538461538
BBDC4.SA,56,2026-01-21,19.84,resistance,0.405,19.76,0.0155,19.76,2026-02-20,30,0.13,2026-01-22,0.67,0.53,393.38,20% target,1,7692.307692307692,1000,5153.846153846154,4153.846153846154
BBDC4.SA,57,2026-03-05,19.835,resistance,0.025,19.83,0.0209,19.83,2026-04-17,43,0.2,2026-03-10,0.36,0.17,83.57,20% target,5,5000,1000,1800,800
BBDC4.SA,58,2026-03-06,19.43,support,0.614,19.55,0.02,19.55,2026-04-17,42,0.19,2026-03-10,0.64,0.45,238.31,20% target,4,5263.157894736842,1000,3368.4210526315787,2368.4210526315787
BBDC4.SA,59,2026-03-10,19.835,support,0.974,20.03,0.0201,20.03,2026-04-17,38,0.18,2026-03-12,0.48,0.3,170.65,20% target,2,5555.555555555556,1000,2666.6666666666665,1666.6666666666665
BBDC4.SA,60,2026-03-12,19.43,resistance,0.206,19.39,0.0205,19.39,2026-04-17,36,0.17,2026-03-13,0.25,0.09,52.62,20% target,1,5882.35294117647,1000,1470.5882352941176,470.58823529411757
BBDC4.SA,61,2026-03-25,19.43,resistance,0.778,19.28,0.02,19.28,2026-04-17,23,0.11,2026-03-26,0.37,0.25,225.29,20% target,1,9090.90909090909,1000,3363.6363636363635,2363.6363636363635
BBDC4.SA,62,2026-03-31,19.43,resistance,1.356,19.17,0.0199,19.17,2026-04-17,17,0.09,2026-04-01,0.44,0.36,400.46,20% target,1,11111.111111111111,1000,4888.888888888889,3888.8888888888887
BBDC4.SA,63,2026-04-23,19.835,support,0.676,19.97,0.0199,19.97,2026-05-15,22,0.11,2026-04-27,0.16,0.05,44.77,20% target,4,9090.90909090909,1000,1454.5454545454545,454.5454545454545
BBDC4.SA,64,2026-04-28,19.43,support,0.715,19.57,0.0185,19.57,2026-05-15,17,0.09,2026-04-29,0.39,0.3,347.67,20% target,1,11111.111111111111,1000,4333.333333333334,3333.333333333334
BBDC4.SA,65,2026-05-11,18.065,support,0.138,18.09,0.0167,18.09,2026-06-19,39,0.16,2026-05-13,0.29,0.14,84.98,20% target,2,6250,1000,1812.4999999999998,812.4999999999998
ABEV3.SA,1,2023-02-22,13.18,support,0.227,13.21,0.0137,13.21,2023-03-17,23,0.07,2023-02-23,0.1,0.03,49.72,20% target,1,14285.714285714284,1000,1428.5714285714284,428.57142857142844
ABEV3.SA,2,2023-03-02,13.18,resistance,0.381,13.13,0.0142,13.13,2023-04-21,50,0.14,2023-03-06,0.5,0.36,248.39,20% target,4,7142.857142857142,1000,3571.428571428571,2571.428571428571
ABEV3.SA,3,2023-06-09,15.18,resistance,0.264,15.14,0.0105,15.14,2023-07-21,42,0.14,2023-06-13,0.26,0.12,84.01,20% target,4,7142.857142857142,1000,1857.142857142857,857.1428571428571
ABEV3.SA,4,2023-07-03,15.6,resistance,1.233,15.41,0.0102,15.41,2023-08-18,46,0.15,2023-07-06,0.44,0.28,181.53,20% target,3,6666.666666666667,1000,2933.3333333333335,1933.3333333333335
ABEV3.SA,5,2023-07-04,15.18,resistance,0.264,15.14,0.0111,15.14,2023-08-18,45,0.15,2023-07-05,0.22,0.07,44.68,20% target,1,6666.666666666667,1000,1466.6666666666667,466.66666666666674
ABEV3.SA,6,2023-07-21,15.18,support,0.784,15.3,0.0132,15.3,2023-08-18,28,0.1,2023-07-25,0.19,0.09,98.16,20% target,4,10000,1000,1900,900
ABEV3.SA,7,2023-08-03,14.47,support,1.094,14.63,0.014,14.63,2023-09-15,43,0.14,2023-08-04,0.21,0.08,54.5,20% target,1,7142.857142857142,1000,1499.9999999999998,499.9999999999998
ABEV3.SA,8,2023-09-20,13.67,resistance,1.485,13.47,0.0107,13.47,2023-10-20,30,0.09,2023-09-21,0.14,0.06,62.98,20% target,1,11111.111111111111,1000,1555.5555555555557,555.5555555555557
ABEV3.SA,9,2023-11-03,13.36,resistance,0.527,13.29,0.0173,13.29,2023-12-15,42,0.13,2023-11-06,0.33,0.21,164.98,20% target,3,7692.307692307692,1000,2538.4615384615386,1538.4615384615386
ABEV3.SA,10,2023-11-07,13.67,resistance,0.737,13.57,0.016,13.57,2023-12-15,38,0.12,2023-11-14,0.22,0.11,91.86,20% target,7,8333.333333333334,1000,1833.3333333333335,833.3333333333335
ABEV3.SA,11,2023-11-09,13.36,support,0.373,13.41,0.0161,13.41,2023-12-15,36,0.11,2023-11-14,0.38,0.27,249.85,20% target,5,9090.90909090909,1000,3454.545454545454,2454.545454545454
ABEV3.SA,12,2023-11-14,13.67,support,0.219,13.7,0.0157,13.7,2023-12-15,31,0.1,2023-11-21,0.19,0.09,94.83,20% target,7,10000,1000,1900,900
ABEV3.SA,13,2023-11-21,13.36,support,0.595,13.44,0.0145,13.44,2023-12-15,24,0.07,2023-11-22,0.2,0.12,166.82,20% target,1,14285.714285714284,1000,2857.142857142857,1857.1428571428569
ABEV3.SA,14,2023-11-22,13.67,resistance,0.737,13.57,0.0145,13.57,2023-12-15,23,0.07,2023-11-24,0.12,0.05,63.77,20% target,2,14285.714285714284,1000,1714.285714285714,714.285714285714
ABEV3.SA,15,2023-11-24,13.36,support,0.224,13.39,0.0148,13.39,2023-12-15,21,0.07,2023-11-27,0.24,0.18,268.49,20% target,3,14285.714285714284,1000,3428.571428571428,2428.571428571428
ABEV3.SA,16,2023-11-27,13.735,resistance,1.141,13.58,0.0148,13.58,2023-12-15,18,0.06,2023-11-28,0.12,0.06,106.2,20% target,1,16666.666666666668,1000,2000,1000
ABEV3.SA,17,2023-11-29,13.36,resistance,0.451,13.3,0.0146,13.3,2023-12-15,16,0.05,2023-11-30,0.43,0.38,739.19,20% target,1,20000,1000,8600,7600
ABEV3.SA,18,2023-11-30,13.735,resistance,0.329,13.69,0.0134,13.69,2023-12-15,15,0.05,2023-12-01,0.54,0.49,994.24,20% target,1,20000,1000,10800,9800
ABEV3.SA,19,2023-12-08,14.47,resistance,1.118,14.31,0.0144,14.31,2024-01-19,42,0.13,2023-12-13,0.51,0.37,280.87,20% target,5,7692.307692307692,1000,3923.0769230769233,2923.0769230769233
ABEV3.SA,20,2024-01-16,13.305,support,0.337,13.35,0.0167,13.35,2024-02-16,31,0.1,2024-01-17,0.17,0.07,76.09,20% target,1,10000,1000,1700.0000000000002,700.0000000000002
ABEV3.SA,21,2024-02-06,13.305,resistance,0.567,13.23,0.0078,13.23,2024-03-15,38,0.11,2024-02-08,0.18,0.07,60.4,20% target,2,9090.90909090909,1000,1636.3636363636363,636.3636363636363
ABEV3.SA,22,2024-02-27,13.305,support,0.038,13.31,0.0087,13.31,2024-03-15,17,0.05,2024-02-28,0.19,0.14,273.58,20% target,1,20000,1000,3800,2800
ABEV3.SA,23,2024-03-01,12.28,support,1.286,12.44,0.0174,12.44,2024-04-19,49,0.14,2024-03-04,0.17,0.03,21.92,20% target,3,7142.857142857142,1000,1214.2857142857142,214.28571428571422
ABEV3.SA,24,2024-03-22,12.29,support,0.967,12.41,0.0185,12.41,2024-04-19,28,0.08,2024-03-25,0.11,0.03,36.63,20% target,3,12500,1000,1375,375
ABEV3.SA,25,2024-04-30,12.3,resistance,1.235,12.15,0.0101,12.15,2024-05-17,17,0.05,2024-05-02,0.31,0.27,577.33,20% target,2,20000,1000,6200,5200
ABEV3.SA,26,2024-05-07,12.7,resistance,0.794,12.6,0.0094,12.6,2024-06-21,45,0.12,2024-05-08,0.31,0.19,149.86,20% target,1,8333.333333333334,1000,2583.3333333333335,1583.3333333333335
ABEV3.SA,27,2024-05-08,12.3,resistance,1.068,12.17,0.0119,12.17,2024-06-21,44,0.12,2024-05-15,0.24,0.12,103.44,20% target,7,8333.333333333334,1000,2000,1000
ABEV3.SA,28,2024-05-14,12.3,resistance,1.151,12.16,0.011,12.16,2024-06-21,38,0.1,2024-05-15,0.25,0.15,145.45,20% target,1,10000,1000,2500,1500
ABEV3.SA,29,2024-06-04,11.83,resistance,1.198,11.69,0.012,11.69,2024-07-19,45,0.12,2024-06-06,0.24,0.12,108.32,20% target,2,8333.333333333334,1000,2000,1000
ABEV3.SA,30,2024-07-16,11.83,resistance,1.111,11.7,0.0064,11.7,2024-08-16,31,0.08,2024-07-17,0.2,0.12,148.25,20% target,1,12500,1000,2500,1500
ABEV3.SA,31,2024-08-07,12.665,resistance,1.239,12.51,0.0118,12.51,2024-09-20,44,0.12,2024-08-13,0.16,0.04,36.05,20% target,6,8333.333333333334,1000,1333.3333333333335,333.3333333333335
ABEV3.SA,32,2024-08-08,12.3,support,0.485,12.36,0.0122,12.36,2024-09-20,43,0.12,2024-08-09,0.2,0.09,74.64,20% target,1,8333.333333333334,1000,1666.666666666667,666.666666666667
ABEV3.SA,33,2024-08-13,12.665,resistance,0.756,12.57,0.0126,12.57,2024-09-20,38,0.1,2024-08-15,0.56,0.45,432.19,20% target,2,10000,1000,5600.000000000001,4600.000000000001
ABEV3.SA,34,2024-09-03,12.665,support,1.055,12.8,0.0135,12.8,2024-10-18,45,0.13,2024-09-04,0.31,0.19,147.41,20% target,1,7692.307692307692,1000,2384.6153846153848,1384.6153846153848
ABEV3.SA,35,2024-09-10,13.4,resistance,1.208,13.24,0.0098,13.24,2024-10-18,38,0.11,2024-09-12,0.23,0.12,105.53,20% target,2,9090.90909090909,1000,2090.909090909091,1090.909090909091
ABEV3.SA,36,2024-09-20,12.665,support,0.745,12.76,0.0087,12.76,2024-10-18,28,0.08,2024-09-26,0.14,0.06,80.86,20% target,6,12500,1000,1750.0000000000002,750.0000000000002
ABEV3.SA,37,2024-10-03,13.36,support,0.299,13.4,0.0137,13.4,2024-11-15,43,0.13,2024-10-08,0.21,0.08,64.75,20% target,5,7692.307692307692,1000,1615.3846153846152,615.3846153846152
ABEV3.SA,38,2024-10-21,12.65,support,1.403,12.83,0.0129,12.83,2024-11-15,25,0.07,2024-10-28,0.11,0.04,53.53,20% target,7,14285.714285714284,1000,1571.4285714285713,571.4285714285713
ABEV3.SA,39,2024-10-31,12.65,resistance,0.079,12.64,0.0081,12.64,2024-11-15,15,0.04,2024-11-04,0.16,0.11,274.76,20% target,4,25000,1000,4000,3000
ABEV3.SA,40,2024-11-21,12.26,support,1.049,12.39,0.0108,12.39,2024-12-20,29,0.08,2024-11-22,0.37,0.29,363.07,20% target,1,12500,1000,4625,3625
ABEV3.SA,41,2024-11-22,12.675,support,0.039,12.68,0.0121,12.68,2024-12-20,28,0.08,2024-11-28,0.22,0.14,178.36,20% target,6,12500,1000,2750,1750
ABEV3.SA,42,2024-11-28,12.26,support,1.129,12.4,0.012,12.4,2024-12-20,22,0.06,2024-11-29,0.39,0.33,532.25,20% target,1,16666.666666666668,1000,6500.000000000001,5500.000000000001
ABEV3.SA,43,2024-11-29,12.675,support,0.432,12.73,0.0136,12.73,2024-12-20,21,0.06,2024-12-02,0.65,0.59,954.8,20% target,3,16666.666666666668,1000,10833.333333333334,9833.333333333334
ABEV3.SA,44,2024-12-03,13.85,resistance,0,13.85,0.0178,13.85,2025-01-17,45,0.14,2024-12-04,0.21,0.07,52.19,20% target,1,7142.857142857142,1000,1499.9999999999998,499.9999999999998
ABEV3.SA,45,2024-12-11,13.85,resistance,0.362,13.8,0.0202,13.8,2025-01-17,37,0.12,2024-12-12,0.59,0.47,392.28,20% target,1,8333.333333333334,1000,4916.666666666667,3916.666666666667
ABEV3.SA,46,2024-12-16,12.675,support,1.285,12.84,0.0241,12.84,2025-01-17,32,0.11,2024-12-17,0.35,0.24,228.99,20% target,1,9090.90909090909,1000,3181.8181818181815,2181.8181818181815
ABEV3.SA,47,2024-12-20,12.255,resistance,0.204,12.23,0.0263,12.23,2025-01-17,28,0.09,2024-12-30,0.44,0.35,366.78,20% target,10,11111.111111111111,1000,4888.888888888889,3888.8888888888887
ABEV3.SA,48,2025-01-02,11.51,support,0.776,11.6,0.0259,11.6,2025-02-21,50,0.14,2025-01-06,0.19,0.05,38.33,20% target,4,7142.857142857142,1000,1357.142857142857,357.1428571428571
ABEV3.SA,49,2025-01-15,11.51,resistance,1.054,11.39,0.0167,11.39,2025-02-21,37,0.1,2025-01-16,0.22,0.13,131.24,20% target,1,10000,1000,2200,1200
ABEV3.SA,50,2025-02-04,10.77,support,1.193,10.9,0.0136,10.9,2025-03-21,45,0.11,2025-02-10,0.16,0.06,51.1,20% target,6,9090.90909090909,1000,1454.5454545454545,454.5454545454545
ABEV3.SA,51,2025-02-27,12.255,support,0.528,12.32,0.0176,12.32,2025-03-21,22,0.07,2025-03-05,0.58,0.51,771.14,20% target,6,14285.714285714284,1000,8285.714285714284,7285.714285714284
ABEV3.SA,52,2025-03-05,12.65,support,1.017,12.78,0.0197,12.78,2025-04-18,44,0.13,2025-03-06,0.19,0.06,47.81,20% target,1,7692.307692307692,1000,1461.5384615384617,461.53846153846166
ABEV3.SA,53,2025-03-19,13.85,resistance,1.243,13.68,0.0204,13.68,2025-04-18,30,0.1,2025-03-21,0.14,0.04,35.98,20% target,2,10000,1000,1400.0000000000002,400.0000000000002
ABEV3.SA,54,2025-04-07,13.09,support,0.683,13.18,0.0151,13.18,2025-05-16,39,0.11,2025-04-08,0.17,0.06,48.14,20% target,1,9090.90909090909,1000,1545.4545454545455,545.4545454545455
ABEV3.SA,55,2025-04-17,14.14,resistance,1,14,0.0149,14,2025-05-16,29,0.09,2025-04-23,0.12,0.03,31.13,20% target,6,11111.111111111111,1000,1333.3333333333333,333.33333333333326
ABEV3.SA,56,2025-04-29,14.53,resistance,0.138,14.51,0.0142,14.51,2025-05-16,17,0.06,2025-04-30,0.11,0.05,88.55,20% target,1,16666.666666666668,1000,1833.3333333333335,833.3333333333335
ABEV3.SA,57,2025-05-02,14.14,resistance,0.142,14.12,0.0162,14.12,2025-06-20,49,0.15,2025-05-06,0.23,0.08,49.3,20% target,4,6666.666666666667,1000,1533.3333333333335,533.3333333333335
ABEV3.SA,58,2025-05-08,14.53,resistance,1.113,14.37,0.0126,14.37,2025-06-20,43,0.14,2025-05-22,0.18,0.04,32.11,20% target,14,7142.857142857142,1000,1285.7142857142856,285.71428571428555
ABEV3.SA,59,2025-05-09,14.14,support,0.98,14.28,0.0129,14.28,2025-06-20,42,0.13,2025-05-15,0.24,0.11,84.02,20% target,6,7692.307692307692,1000,1846.1538461538462,846.1538461538462
ABEV3.SA,60,2025-05-15,14.53,resistance,0.833,14.41,0.0106,14.41,2025-06-20,36,0.11,2025-05-21,0.16,0.04,37.02,20% target,6,9090.90909090909,1000,1454.5454545454545,454.5454545454545
ABEV3.SA,61,2025-05-19,14.14,support,1.257,14.32,0.0101,14.32,2025-06-20,32,0.1,2025-05-22,0.13,0.03,28.82,20% target,3,10000,1000,1300,300
ABEV3.SA,62,2025-06-25,12.99,support,1.217,13.15,0.0099,13.15,2025-07-18,23,0.07,2025-06-26,0.23,0.17,250.13,20% target,1,14285.714285714284,1000,3285.714285714286,2285.714285714286
ABEV3.SA,63,2025-07-16,13.78,resistance,0.731,13.68,0.0125,13.68,2025-08-15,30,0.09,2025-07-17,0.13,0.04,46.75,20% target,1,11111.111111111111,1000,1444.4444444444446,444.44444444444457
ABEV3.SA,64,2025-07-23,13.78,resistance,1.398,13.59,0.0121,13.59,2025-08-15,23,0.07,2025-07-28,0.48,0.41,580.55,20% target,5,14285.714285714284,1000,6857.142857142856,5857.142857142856
ABEV3.SA,65,2025-07-28,13,support,0.459,13.06,0.0133,13.06,2025-08-15,18,0.05,2025-07-29,0.18,0.12,226.88,20% target,1,20000,1000,3600,2600
ABEV3.SA,66,2025-10-03,11.75,support,1.011,11.87,0.0108,11.87,2025-11-21,49,0.13,2025-10-14,0.28,0.15,119.44,20% target,11,7692.307692307692,1000,2153.8461538461543,1153.8461538461543
ABEV3.SA,67,2025-11-03,12.945,resistance,0.271,12.91,0.0142,12.91,2025-12-19,46,0.13,2025-11-04,0.38,0.25,188.43,20% target,1,7692.307692307692,1000,2923.0769230769233,1923.0769230769233
ABEV3.SA,68,2025-11-11,13.78,resistance,1.398,13.59,0.0145,13.59,2025-12-19,38,0.11,2025-11-12,0.14,0.03,22.36,20% target,1,9090.90909090909,1000,1272.7272727272727,272.72727272727275
ABEV3.SA,69,2025-12-04,13.78,support,1.219,13.95,0.0114,13.95,2026-01-16,43,0.13,2025-12-05,0.21,0.08,61.8,20% target,1,7692.307692307692,1000,1615.3846153846152,615.3846153846152
ABEV3.SA,70,2025-12-22,12.945,support,1.334,13.12,0.0153,13.12,2026-01-16,25,0.08,2025-12-23,0.42,0.34,452.09,20% target,1,12500,1000,5250,4250
ABEV3.SA,71,2025-12-26,13.78,resistance,0.437,13.72,0.0172,13.72,2026-01-16,21,0.07,2025-12-29,0.2,0.13,189.57,20% target,3,14285.714285714284,1000,2857.142857142857,1857.1428571428569
ABEV3.SA,72,2026-01-14,14.35,resistance,1.056,14.2,0.0168,14.2,2026-02-20,37,0.12,2026-01-21,0.2,0.08,70.68,20% target,7,8333.333333333334,1000,1666.666666666667,666.666666666667
ABEV3.SA,73,2026-01-21,14.35,resistance,0.28,14.31,0.0162,14.31,2026-02-20,30,0.1,2026-01-22,0.37,0.27,276.57,20% target,1,10000,1000,3700,2700
ABEV3.SA,74,2026-02-24,16.77,resistance,1.146,16.58,0.015,16.58,2026-03-20,24,0.09,2026-02-25,0.12,0.03,28.62,20% target,1,11111.111111111111,1000,1333.3333333333333,333.33333333333326
ABEV3.SA,75,2026-03-20,14.35,support,0.829,14.47,0.0141,14.47,2026-04-17,28,0.09,2026-03-23,0.27,0.18,194.69,20% target,3,11111.111111111111,1000,3000.0000000000005,2000.0000000000005
ABEV3.SA,76,2026-04-24,14.34,support,1.103,14.5,0.014,14.5,2026-05-15,21,0.07,2026-04-27,0.1,0.03,38.68,20% target,3,14285.714285714284,1000,1428.5714285714284,428.57142857142844
ABEV3.SA,77,2026-05-05,16.77,resistance,0.721,16.65,0.0349,16.65,2026-06-19,45,0.21,2026-05-06,0.46,0.25,117.86,20% target,1,4761.904761904762,1000,2190.476190476191,1190.4761904761908
ABEV3.SA,78,2026-05-07,16.34,support,0.427,16.41,0.036,16.41,2026-06-19,43,0.21,2026-05-13,0.37,0.16,80.17,20% target,6,4761.904761904762,1000,1761.9047619047622,761.9047619047622
ABEV3.SA,79,2026-05-20,16.34,resistance,0.74,16.22,0.0356,16.22,2026-06-19,30,0.16,2026-05-21,0.29,0.13,82.18,20% target,1,6250,1000,1812.4999999999998,812.4999999999998
